,상권_코드_명,임대료,cluster,총_상주인구_수,상권_구분_코드_명,총_생활인구_수,총_직장_인구_수,점포_수,아파트_단지_수,집객시설_수,교통시설_수,학교_수,분기당_매출_금액,분기당_매출_건수
169,장안동,32.5,3,0.2616408879798883,발달상권,0.0,0.0151387961461413,0.0,0.051217575436739,0.1079258010118043,0.2307692307692307,0.0,0.1124881338362841,0.086680510070524
65,양재역,38.2,3,0.2315011291490902,발달상권,0.0,0.0086234856434226,0.0,0.0954208575966119,0.1112984822934232,0.0769230769230769,0.0909090909090909,0.2373924529321377,0.1447710315729015
92,가락시장,38.9,3,0.0,발달상권,0.0,0.0,0.0,0.0,0.0354131534569983,0.1346153846153846,0.0,0.159917949540983,0.1402742264169699
10,동대문,44.2,1,0.1067088499723038,관광특구,0.8145720980563419,0.057750643899647,0.3663366336633663,0.0133668607728957,0.251264755480607,0.4423076923076923,0.4545454545454546,0.257721534136472,0.2271063788269556
155,오류동역,49.5,3,0.2035600153393838,발달상권,0.0,0.0219116665076791,0.0,0.024219163578613,0.118043844856661,0.1346153846153846,0.0,0.139673486955439,0.1058311656992851
164,이태원,58.3,3,0.2487472836507733,관광특구,0.4428329635141219,0.055699704283125,0.2376237623762376,0.0938327157226045,0.2428330522765598,0.5576923076923077,0.0,0.1913058468895595,0.1546321557235663
137,사당,60.1,3,0.0,발달상권,0.0,0.0146713726986549,0.0,0.0,0.0320404721753794,0.0769230769230769,0.0,0.0,0.0
33,종로,75.2,1,0.0,관광특구,0.0,0.3141753314890775,0.0,0.0,0.4097807757166947,0.5961538461538461,0.0,0.1856597405871274,0.1789211625513835
